{
  "experiment": "B1_state_ablation",
  "episodes": 50,
  "installation_stock": {
    "total_reward": -20279542.0,
    "total_cost": 20279542.0,
    "service_level": 0.9459798994974874,
    "bullwhip_ratio": 0.4482329540259516,
    "holding_cost": 14645420.0,
    "backorder_cost": 5633000.0,
    "ordering_cost": 1122.0,
    "fill_rate": 0.8575342465753425,
    "total_demand": 208552.0,
    "total_backlog": 11266.0
  },
  "echelon_stock": {
    "total_reward": -45303361.0,
    "total_cost": 45303361.0,
    "service_level": 0.59758717250374,
    "bullwhip_ratio": 1.2822220789671708,
    "holding_cost": 3340449.0,
    "backorder_cost": 41962000.0,
    "ordering_cost": 912.0,
    "fill_rate": 0.7479452054794521,
    "total_demand": 208552.0,
    "total_backlog": 83924.0
  },
  "es_vs_is": {
    "vs_baseline": "IS (baseline)",
    "cost_reduction_pct": -123.39439914372821,
    "bullwhip_reduction_pct": -186.06153729895846,
    "service_level_delta": -0.34839272699374735
  }
}