{
  "experiment": "B1_state_ablation",
  "episodes": 500,
  "installation_stock": {
    "total_reward": -11547025.0,
    "total_cost": 11547025.0,
    "service_level": 0.954812229084353,
    "bullwhip_ratio": 2.3245038422063344,
    "holding_cost": 6834347.0,
    "backorder_cost": 4712000.0,
    "ordering_cost": 678.0,
    "fill_rate": 0.9671232876712329,
    "total_demand": 208552.0,
    "total_backlog": 9424.0
  },
  "echelon_stock": {
    "total_reward": -11789089.0,
    "total_cost": 11789089.0,
    "service_level": 0.9399957804288619,
    "bullwhip_ratio": 1.8066951121392134,
    "holding_cost": 5531219.0,
    "backorder_cost": 6257000.0,
    "ordering_cost": 870.0,
    "fill_rate": 0.9698630136986301,
    "total_demand": 208552.0,
    "total_backlog": 12514.0
  },
  "es_vs_is": {
    "vs_baseline": "IS (baseline)",
    "cost_reduction_pct": -2.096332172139577,
    "bullwhip_reduction_pct": 22.276096974554182,
    "service_level_delta": -0.014816448655491143
  }
}