{
  "experiment": "A1_two_echelon_linear",
  "episodes": 300,
  "joint_ddqn": {
    "total_reward": -11389969.0,
    "total_cost": 11389969.0,
    "service_level": 0.5343990947101922,
    "bullwhip_ratio": 0.14978451684144087,
    "holding_cost_W": 6384.0,
    "holding_cost_R": 1667055.0,
    "backorder_cost": 9710200.0,
    "ordering_cost_W": 2680.0,
    "ordering_cost_R": 3650.0,
    "avg_inv_W": 8.745205479452055,
    "avg_inv_R": 913.4547945205479,
    "avg_inv_total": 922.2,
    "order_freq_W": 0.7342465753424657,
    "order_freq_R": 1.0,
    "fill_rate": 0.6054794520547945,
    "total_demand": 208552.0,
    "total_backlog": 97102.0
  },
  "comparisons": [
    {
      "vs_baseline": "(s,S)",
      "cost_reduction_pct": -87.983807931849,
      "bullwhip_reduction_pct": 85.79345425339669,
      "service_level_delta": -0.32006885572902677
    },
    {
      "vs_baseline": "Oracle",
      "cost_reduction_pct": -154.8039626038933,
      "bullwhip_reduction_pct": 90.7425176025624,
      "service_level_delta": -0.4641624151290805
    },
    {
      "vs_baseline": "Indep. DDQN",
      "cost_reduction_pct": 5.108832717163901,
      "bullwhip_reduction_pct": 88.51772271593236,
      "service_level_delta": 0.030539146112240623
    }
  ],
  "ss_policy": {
    "total_reward": -6059016.0,
    "total_cost": 6059016.0,
    "service_level": 0.854467950439219,
    "bullwhip_ratio": 1.0543345265843624,
    "holding_cost_W": 1388376.0,
    "holding_cost_R": 1631800.0,
    "backorder_cost": 3035100.0,
    "ordering_cost_W": 1810.0,
    "ordering_cost_R": 1930.0,
    "avg_inv_W": 1901.8849315068494,
    "avg_inv_R": 894.1369863013699,
    "avg_inv_total": 2796.0219178082193,
    "order_freq_W": 0.4958904109589041,
    "order_freq_R": 0.5287671232876713,
    "fill_rate": 0.8164383561643835,
    "total_demand": 208552.0,
    "total_backlog": 30351.0,
    "s_W": 3219,
    "S_W": 3790,
    "s_R": 1440,
    "S_R": 2012
  },
  "oracle": {
    "total_reward": -4470091.0,
    "total_cost": 4470091.0,
    "service_level": 0.9985615098392727,
    "bullwhip_ratio": 1.6179832746201075,
    "holding_cost_W": 1679316.0,
    "holding_cost_R": 2755885.0,
    "backorder_cost": 30000.0,
    "ordering_cost_W": 2010.0,
    "ordering_cost_R": 2880.0,
    "avg_inv_W": 2300.432876712329,
    "avg_inv_R": 1510.0739726027398,
    "avg_inv_total": 3810.5068493150684,
    "order_freq_W": 0.5506849315068493,
    "order_freq_R": 0.7890410958904109,
    "fill_rate": 0.9726027397260274,
    "total_demand": 208552.0,
    "total_backlog": 300.0,
    "window": 5
  },
  "independent_ddqn": {
    "total_reward": -12003192.0,
    "total_cost": 12003192.0,
    "service_level": 0.5038599485979516,
    "bullwhip_ratio": 1.3044844078907254,
    "holding_cost_W": 415032.0,
    "holding_cost_R": 1237680.0,
    "backorder_cost": 10347100.0,
    "ordering_cost_W": 780.0,
    "ordering_cost_R": 2600.0,
    "avg_inv_W": 568.5369863013699,
    "avg_inv_R": 678.1808219178082,
    "avg_inv_total": 1246.717808219178,
    "order_freq_W": 0.2136986301369863,
    "order_freq_R": 0.7123287671232876,
    "fill_rate": 0.6821917808219178,
    "total_demand": 208552.0,
    "total_backlog": 103471.0
  }
}