{
  "experiment": "A1_two_echelon_linear",
  "episodes": 50,
  "joint_ddqn": {
    "total_reward": -62430740.0,
    "total_cost": 62430740.0,
    "service_level": 0.4268288004910047,
    "bullwhip_ratio": 0.012001955443509028,
    "holding_cost_W": 34488.0,
    "holding_cost_R": 2626840.0,
    "backorder_cost": 59768000.0,
    "ordering_cost_W": 722.0,
    "ordering_cost_R": 690.0,
    "avg_inv_W": 47.24383561643835,
    "avg_inv_R": 1439.3643835616438,
    "avg_inv_total": 1486.6082191780822,
    "order_freq_W": 0.989041095890411,
    "order_freq_R": 0.9452054794520548,
    "fill_rate": 0.5342465753424658,
    "total_demand": 208552.0,
    "total_backlog": 119536.0
  },
  "comparisons": []
}