{
  "experiment": "A1_two_echelon_linear",
  "episodes": 500,
  "joint_ddqn": {
    "total_reward": -12235097.0,
    "total_cost": 12235097.0,
    "service_level": 0.9662338409605278,
    "bullwhip_ratio": 2.138086828246865,
    "holding_cost_W": 1254264.0,
    "holding_cost_R": 7458805.0,
    "backorder_cost": 3521000.0,
    "ordering_cost_W": 366.0,
    "ordering_cost_R": 662.0,
    "avg_inv_W": 1718.1698630136987,
    "avg_inv_R": 4087.0164383561646,
    "avg_inv_total": 5805.186301369863,
    "order_freq_W": 0.5013698630136987,
    "order_freq_R": 0.9068493150684932,
    "fill_rate": 0.9808219178082191,
    "total_demand": 208552.0,
    "total_backlog": 7042.0
  },
  "comparisons": [
    {
      "vs_baseline": "(s,S)",
      "cost_reduction_pct": 32.76098094878422,
      "bullwhip_reduction_pct": -102.7901746871026,
      "service_level_delta": 0.11176589052130881
    },
    {
      "vs_baseline": "Oracle",
      "cost_reduction_pct": -166.78193328258666,
      "bullwhip_reduction_pct": -32.14517490910865,
      "service_level_delta": -0.03232766887874494
    },
    {
      "vs_baseline": "Indep. DDQN",
      "cost_reduction_pct": -57.92261195088446,
      "bullwhip_reduction_pct": -75.3679390090593,
      "service_level_delta": 0.24816832252867393
    }
  ],
  "ss_policy": {
    "total_reward": -18196424.0,
    "total_cost": 18196424.0,
    "service_level": 0.854467950439219,
    "bullwhip_ratio": 1.0543345265843624,
    "holding_cost_W": 1388376.0,
    "holding_cost_R": 1631800.0,
    "backorder_cost": 15175500.0,
    "ordering_cost_W": 362.0,
    "ordering_cost_R": 386.0,
    "avg_inv_W": 1901.8849315068494,
    "avg_inv_R": 894.1369863013699,
    "avg_inv_total": 2796.0219178082193,
    "order_freq_W": 0.4958904109589041,
    "order_freq_R": 0.5287671232876713,
    "fill_rate": 0.8164383561643835,
    "total_demand": 208552.0,
    "total_backlog": 30351.0,
    "s_W": 3219,
    "S_W": 3790,
    "s_R": 1440,
    "S_R": 2012
  },
  "oracle": {
    "total_reward": -4586179.0,
    "total_cost": 4586179.0,
    "service_level": 0.9985615098392727,
    "bullwhip_ratio": 1.6179832746201075,
    "holding_cost_W": 1679316.0,
    "holding_cost_R": 2755885.0,
    "backorder_cost": 150000.0,
    "ordering_cost_W": 402.0,
    "ordering_cost_R": 576.0,
    "avg_inv_W": 2300.432876712329,
    "avg_inv_R": 1510.0739726027398,
    "avg_inv_total": 3810.5068493150684,
    "order_freq_W": 0.5506849315068493,
    "order_freq_R": 0.7890410958904109,
    "fill_rate": 0.9726027397260274,
    "total_demand": 208552.0,
    "total_backlog": 300.0,
    "window": 5
  },
  "independent_ddqn": {
    "total_reward": -7747527.0,
    "total_cost": 7747527.0,
    "service_level": 0.7180655184318538,
    "bullwhip_ratio": 1.2192005222439284,
    "holding_cost_W": 698172.0,
    "holding_cost_R": 1165425.0,
    "backorder_cost": 5879800.0,
    "ordering_cost_W": 1640.0,
    "ordering_cost_R": 2490.0,
    "avg_inv_W": 956.4,
    "avg_inv_R": 638.5890410958904,
    "avg_inv_total": 1594.9890410958903,
    "order_freq_W": 0.44931506849315067,
    "order_freq_R": 0.6821917808219178,
    "fill_rate": 0.7561643835616438,
    "total_demand": 208552.0,
    "total_backlog": 58798.0
  }
}