{
  "experiment": "A3_divergent_one_to_two",
  "episodes": 50,
  "joint_ddqn": {
    "total_reward": -43793166.0,
    "total_cost": 43793166.0,
    "service_level": 0.8790328282723253,
    "bullwhip_ratio": 0.923048549476991,
    "holding_cost": 14707168.0,
    "backorder_cost": 29084500.0,
    "ordering_cost": 1498.0,
    "fill_rate": 0.6876712328767123,
    "total_demand": 480866.0,
    "total_backlog": 58169.0
  },
  "comparisons": []
}