{
  "experiment": "A4_seasonal_transfer",
  "smoke_test": true,
  "max_order_W": 2569,
  "max_order_R": 2191,
  "runtimes": {
    "summer_source_min": 0.78,
    "winter_fine_tune_min": 0.25,
    "winter_cold_start_short_min": 0.24,
    "winter_cold_start_long_min": 1.39
  },
  "results": {
    "Condition_A_Summer_Source": {
      "total_reward": -119726333.0,
      "total_cost": 119726333.0,
      "service_level": 0.4848958533123633,
      "bullwhip_ratio": 2.2536903817878846,
      "holding_cost_W": 11372.0,
      "holding_cost_R": 66000505.0,
      "backorder_cost": 53713000.0,
      "ordering_cost_W": 726.0,
      "ordering_cost_R": 730.0,
      "avg_inv_W": 15.578082191780823,
      "avg_inv_R": 36164.6602739726,
      "avg_inv_total": 36180.23835616438,
      "order_freq_W": 0.9945205479452055,
      "order_freq_R": 1.0,
      "fill_rate": 0.5643835616438356,
      "total_demand": 208552.0,
      "total_backlog": 107426.0
    },
    "Condition_B_Winter_Zero_Shot": {
      "total_reward": -61134982.0,
      "total_cost": 61134982.0,
      "service_level": 0.44401073099188804,
      "bullwhip_ratio": 0.001955449557231892,
      "holding_cost_W": 2072.0,
      "holding_cost_R": 97450.0,
      "backorder_cost": 61034000.0,
      "ordering_cost_W": 730.0,
      "ordering_cost_R": 730.0,
      "avg_inv_W": 2.8383561643835615,
      "avg_inv_R": 53.397260273972606,
      "avg_inv_total": 56.23561643835617,
      "order_freq_W": 1.0,
      "order_freq_R": 1.0,
      "fill_rate": 0.1780821917808219,
      "total_demand": 219551.0,
      "total_backlog": 122068.0
    },
    "Condition_C_Winter_Fine_Tuned": {
      "total_reward": -29583499.0,
      "total_cost": 29583499.0,
      "service_level": 0.8318704993372839,
      "bullwhip_ratio": 0.10972005977171477,
      "holding_cost_W": 4144.0,
      "holding_cost_R": 11121395.0,
      "backorder_cost": 18456500.0,
      "ordering_cost_W": 730.0,
      "ordering_cost_R": 730.0,
      "avg_inv_W": 5.676712328767123,
      "avg_inv_R": 6093.915068493151,
      "avg_inv_total": 6099.591780821917,
      "order_freq_W": 1.0,
      "order_freq_R": 1.0,
      "fill_rate": 0.5780821917808219,
      "total_demand": 219551.0,
      "total_backlog": 36913.0
    },
    "Condition_D_Winter_Cold_Start_Matched": {
      "total_reward": -135694532.0,
      "total_cost": 135694532.0,
      "service_level": 1.0,
      "bullwhip_ratio": 5.574965199211453,
      "holding_cost_W": 20160482.0,
      "holding_cost_R": 115532590.0,
      "backorder_cost": 0.0,
      "ordering_cost_W": 730.0,
      "ordering_cost_R": 730.0,
      "avg_inv_W": 27617.098630136985,
      "avg_inv_R": 63305.52876712329,
      "avg_inv_total": 90922.62739726028,
      "order_freq_W": 1.0,
      "order_freq_R": 1.0,
      "fill_rate": 1.0,
      "total_demand": 219551.0,
      "total_backlog": 0.0
    },
    "Condition_E_Winter_Cold_Start_Long": {
      "total_reward": -19789947.0,
      "total_cost": 19789947.0,
      "service_level": 0.9877067287327318,
      "bullwhip_ratio": 3.449434507413732,
      "holding_cost_W": 1030262.0,
      "holding_cost_R": 17408905.0,
      "backorder_cost": 1349500.0,
      "ordering_cost_W": 728.0,
      "ordering_cost_R": 552.0,
      "avg_inv_W": 1411.317808219178,
      "avg_inv_R": 9539.12602739726,
      "avg_inv_total": 10950.44383561644,
      "order_freq_W": 0.9972602739726028,
      "order_freq_R": 0.7561643835616438,
      "fill_rate": 0.9753424657534246,
      "total_demand": 219551.0,
      "total_backlog": 2699.0
    },
    "Winter_SS_Heuristic": {
      "total_reward": -13205695.0,
      "total_cost": 13205695.0,
      "service_level": 0.8949993395611954,
      "bullwhip_ratio": 3.4314701576352054,
      "holding_cost_W": 812318.0,
      "holding_cost_R": 866045.0,
      "backorder_cost": 11526500.0,
      "ordering_cost_W": 384.0,
      "ordering_cost_R": 448.0,
      "avg_inv_W": 1112.7643835616439,
      "avg_inv_R": 474.5452054794521,
      "avg_inv_total": 1587.309589041096,
      "order_freq_W": 0.5260273972602739,
      "order_freq_R": 0.6136986301369863,
      "fill_rate": 0.8,
      "total_demand": 219551.0,
      "total_backlog": 23053.0,
      "s_W": 2671,
      "S_W": 3272,
      "s_R": 1101,
      "S_R": 1703
    }
  },
  "transfer_metrics": {
    "zero_shot_service_level_gap": -0.5437,
    "zero_shot_cost_gap_pct": 208.92,
    "fine_tuning_service_level_gain": -0.1681,
    "fine_tuning_cost_gain_pct": 78.2
  }
}