{
  "experiment": "A2_three_echelon_linear",
  "episodes": 500,
  "joint_ddqn": {
    "total_reward": -14738886.0,
    "total_cost": 14738886.0,
    "service_level": 0.9655673405193909,
    "bullwhip_ratio": 2.0599514915224875,
    "holding_cost": 11146726.0,
    "backorder_cost": 3590500.0,
    "ordering_cost": 1660.0,
    "fill_rate": 0.9643835616438357,
    "total_demand": 208552.0,
    "total_backlog": 7181.0
  },
  "comparisons": [
    {
      "vs_baseline": "(s,S)",
      "cost_reduction_pct": 35.74267959414729,
      "bullwhip_reduction_pct": -56.85058548009372,
      "service_level_delta": 0.14318731059879553
    },
    {
      "vs_baseline": "Oracle",
      "cost_reduction_pct": -71.47026388987938,
      "bullwhip_reduction_pct": -3.8484677454367464,
      "service_level_delta": -0.030927538455637005
    }
  ],
  "ss_policy": {
    "total_reward": -22937287.0,
    "total_cost": 22937287.0,
    "service_level": 0.8223800299205953,
    "bullwhip_ratio": 1.3133208812815818,
    "holding_cost": 4414759.0,
    "backorder_cost": 18521500.0,
    "ordering_cost": 1028.0,
    "fill_rate": 0.8191780821917808,
    "total_demand": 208552.0,
    "total_backlog": 37043.0
  },
  "oracle": {
    "total_reward": -8595593.0,
    "total_cost": 8595593.0,
    "service_level": 0.9964948789750279,
    "bullwhip_ratio": 1.9836127929899137,
    "holding_cost": 8228777.0,
    "backorder_cost": 365500.0,
    "ordering_cost": 1316.0,
    "fill_rate": 0.9835616438356164,
    "total_demand": 208552.0,
    "total_backlog": 731.0
  }
}