{
  "experiment": "A2_three_echelon_linear",
  "episodes": 50,
  "joint_ddqn": {
    "total_reward": -49441156.0,
    "total_cost": 49441156.0,
    "service_level": 0.9889380106640071,
    "bullwhip_ratio": 0.5807892474336385,
    "holding_cost": 48285634.0,
    "backorder_cost": 1153500.0,
    "ordering_cost": 2022.0,
    "fill_rate": 0.9917808219178083,
    "total_demand": 208552.0,
    "total_backlog": 2307.0
  },
  "comparisons": []
}